{"v":"4.11.0","fr":60,"ip":0,"op":320,"w":800,"h":600,"nm":"Download Icon_render","ddd":0,"assets":[{"id":"comp_0","layers":[{"ddd":0,"ind":1,"ty":4,"nm":"mask","td":1,"sr":1,"ks":{"o":{"a":0,"k":100,"ix":11},"r":{"a":0,"k":0,"ix":10},"p":{"a":0,"k":[393,281.195,0],"ix":2},"a":{"a":0,"k":[400,300,0],"ix":1},"s":{"a":0,"k":[94.543,94.543,100],"ix":6}},"ao":0,"shapes":[{"ty":"gr","it":[{"ind":0,"ty":"sh","ix":1,"ks":{"a":0,"k":{"i":[[-70.48,0],[0,-70.48],[70.48,0],[0,70.481]],"o":[[70.48,0],[0,70.481],[-70.48,0],[0,-70.48]],"v":[[0,-127.615],[127.615,0],[0,127.615],[-127.615,0]],"c":true},"ix":2},"nm":"Path 1","mn":"ADBE Vector Shape - Group","hd":false},{"ty":"tm","s":{"a":0,"k":0,"ix":1},"e":{"a":0,"k":100,"ix":2},"o":{"a":0,"k":0,"ix":3},"m":1,"ix":2,"nm":"Trim Paths 1","mn":"ADBE Vector Filter - Trim","hd":false},{"ty":"fl","c":{"a":0,"k":[1,0,0,1],"ix":4},"o":{"a":0,"k":100,"ix":5},"r":1,"nm":"Fill 1","mn":"ADBE Vector Graphic - Fill","hd":false},{"ty":"tr","p":{"a":0,"k":[409.815,319.73],"ix":2},"a":{"a":0,"k":[0,0],"ix":1},"s":{"a":0,"k":[100,100],"ix":3},"r":{"a":0,"k":0,"ix":6},"o":{"a":0,"k":100,"ix":7},"sk":{"a":0,"k":0,"ix":4},"sa":{"a":0,"k":0,"ix":5},"nm":"Transform"}],"nm":"Group 1","np":4,"cix":2,"ix":1,"mn":"ADBE Vector Group","hd":false}],"ip":342,"op":446,"st":220,"bm":0},{"ddd":0,"ind":2,"ty":4,"nm":"arrow 2","tt":1,"sr":1,"ks":{"o":{"a":0,"k":100,"ix":11},"r":{"a":0,"k":0,"ix":10},"p":{"s":true,"x":{"a":0,"k":402.815,"ix":3},"y":{"a":1,"k":[{"i":{"x":[0.785],"y":[1]},"o":{"x":[0.436],"y":[0]},"n":["0p785_1_0p436_0"],"t":372,"s":[90.997],"e":[314.997]},{"i":{"x":[0.785],"y":[1]},"o":{"x":[0.167],"y":[0]},"n":["0p785_1_0p167_0"],"t":394,"s":[314.997],"e":[301.997]},{"i":{"x":[0.785],"y":[1]},"o":{"x":[0.167],"y":[0]},"n":["0p785_1_0p167_0"],"t":412,"s":[301.997],"e":[304.997]},{"t":417}],"ix":4}},"a":{"a":0,"k":[409.815,348.802,0],"ix":1},"s":{"a":0,"k":[100,100,100],"ix":6}},"ao":0,"shapes":[{"ty":"gr","it":[{"ind":0,"ty":"sh","ix":1,"ks":{"a":0,"k":{"i":[[0,0],[0,0],[0,0],[0,0],[0,0],[0,0],[0,0]],"o":[[0,0],[0,0],[0,0],[0,0],[0,0],[0,0],[0,0]],"v":[[27.185,-4.802],[62.712,-4.802],[0.036,58.802],[-62.712,-4.802],[-26.815,-4.802],[-26.815,-58.802],[27.185,-58.802]],"c":true},"ix":2},"nm":"Path 1","mn":"ADBE Vector Shape - Group","hd":false},{"ty":"fl","c":{"a":0,"k":[0.372549019608,0.490196078431,0.541176470588,1],"ix":4},"o":{"a":0,"k":100,"ix":5},"r":1,"nm":"Fill 1","mn":"ADBE Vector Graphic - Fill","hd":false},{"ty":"tr","p":{"a":0,"k":[409.815,348.802],"ix":2},"a":{"a":0,"k":[0,0],"ix":1},"s":{"a":0,"k":[100,100],"ix":3},"r":{"a":0,"k":0,"ix":6},"o":{"a":0,"k":100,"ix":7},"sk":{"a":0,"k":0,"ix":4},"sa":{"a":0,"k":0,"ix":5},"nm":"Transform"}],"nm":"Group 3","np":2,"cix":2,"ix":1,"mn":"ADBE Vector Group","hd":false}],"ip":342,"op":446,"st":16,"bm":0},{"ddd":0,"ind":3,"ty":4,"nm":"mask","td":1,"sr":1,"ks":{"o":{"a":0,"k":100,"ix":11},"r":{"a":0,"k":0,"ix":10},"p":{"a":0,"k":[393,281.195,0],"ix":2},"a":{"a":0,"k":[400,300,0],"ix":1},"s":{"a":0,"k":[94.543,94.543,100],"ix":6}},"ao":0,"shapes":[{"ty":"gr","it":[{"ind":0,"ty":"sh","ix":1,"ks":{"a":0,"k":{"i":[[-70.48,0],[0,-70.48],[70.48,0],[0,70.481]],"o":[[70.48,0],[0,70.481],[-70.48,0],[0,-70.48]],"v":[[0,-127.615],[127.615,0],[0,127.615],[-127.615,0]],"c":true},"ix":2},"nm":"Path 1","mn":"ADBE Vector Shape - Group","hd":false},{"ty":"tm","s":{"a":0,"k":0,"ix":1},"e":{"a":0,"k":100,"ix":2},"o":{"a":0,"k":0,"ix":3},"m":1,"ix":2,"nm":"Trim Paths 1","mn":"ADBE Vector Filter - Trim","hd":false},{"ty":"fl","c":{"a":0,"k":[1,0,0,1],"ix":4},"o":{"a":0,"k":100,"ix":5},"r":1,"nm":"Fill 1","mn":"ADBE Vector Graphic - Fill","hd":false},{"ty":"tr","p":{"a":0,"k":[409.815,319.73],"ix":2},"a":{"a":0,"k":[0,0],"ix":1},"s":{"a":0,"k":[100,100],"ix":3},"r":{"a":0,"k":0,"ix":6},"o":{"a":0,"k":100,"ix":7},"sk":{"a":0,"k":0,"ix":4},"sa":{"a":0,"k":0,"ix":5},"nm":"Transform"}],"nm":"Group 1","np":4,"cix":2,"ix":1,"mn":"ADBE Vector Group","hd":false}],"ip":276,"op":446,"st":154,"bm":0},{"ddd":0,"ind":4,"ty":4,"nm":"tick","tt":1,"sr":1,"ks":{"o":{"a":0,"k":100,"ix":11},"r":{"a":0,"k":0,"ix":10},"p":{"a":1,"k":[{"i":{"x":0.42,"y":1},"o":{"x":0.59,"y":0},"n":"0p42_1_0p59_0","t":298,"s":[407,86.195,0],"e":[407,316.195,0],"to":[0,0,0],"ti":[-0.00001525878906,-0.00001525878906,0]},{"i":{"x":0.42,"y":1},"o":{"x":0.167,"y":0},"n":"0p42_1_0p167_0","t":320,"s":[407,316.195,0],"e":[407,306.195,0],"to":[0.00000478519814,0.00000478519814,0],"ti":[-0.00001525878906,-0.00001525878906,0]},{"i":{"x":0.833,"y":0.833},"o":{"x":0.167,"y":0.167},"n":"0p833_0p833_0p167_0p167","t":336,"s":[407,306.195,0],"e":[407,306.195,0],"to":[0.00000478519814,0.00000478519814,0],"ti":[-0.00001525878906,-0.00001525878906,0]},{"i":{"x":0.55,"y":1},"o":{"x":0.167,"y":0.167},"n":"0p55_1_0p167_0p167","t":360,"s":[407,306.195,0],"e":[407,286.195,0],"to":[0.00000478519814,0.00000478519814,0],"ti":[-0.00001525878906,-0.00001525878906,0]},{"i":{"x":0.354,"y":1},"o":{"x":0.45,"y":0},"n":"0p354_1_0p45_0","t":372,"s":[407,286.195,0],"e":[407,495.195,0],"to":[0.00000478519814,0.00000478519814,0],"ti":[0,0,0]},{"t":394}],"ix":2},"a":{"a":0,"k":[400.417,300.097,0],"ix":1},"s":{"a":0,"k":[95,95,100],"ix":6}},"ao":0,"shapes":[{"ty":"gr","it":[{"ind":0,"ty":"sh","ix":1,"ks":{"a":0,"k":{"i":[[0,0],[0,0],[0,0],[0,0],[0,0],[0,0]],"o":[[0,0],[0,0],[0,0],[0,0],[0,0],[0,0]],"v":[[-18.317,69.901],[-76.603,24.038],[-57.434,-0.325],[-23.509,26.369],[52.242,-69.901],[76.604,-50.732]],"c":true},"ix":2},"nm":"Path 1","mn":"ADBE Vector Shape - Group","hd":false},{"ty":"fl","c":{"a":0,"k":[0.294000004787,0.689999988032,0.322000002394,1],"ix":4},"o":{"a":0,"k":100,"ix":5},"r":1,"nm":"Fill 1","mn":"ADBE Vector Graphic - Fill","hd":false},{"ty":"tr","p":{"a":0,"k":[400.417,300.097],"ix":2},"a":{"a":0,"k":[0,0],"ix":1},"s":{"a":0,"k":[100,100],"ix":3},"r":{"a":0,"k":0,"ix":6},"o":{"a":0,"k":100,"ix":7},"sk":{"a":0,"k":0,"ix":4},"sa":{"a":0,"k":0,"ix":5},"nm":"Transform"}],"nm":"Group 1","np":2,"cix":2,"ix":1,"mn":"ADBE Vector Group","hd":false}],"ip":276,"op":446,"st":276,"bm":0},{"ddd":0,"ind":5,"ty":4,"nm":"mask","td":1,"sr":1,"ks":{"o":{"a":0,"k":100,"ix":11},"r":{"a":0,"k":0,"ix":10},"p":{"a":0,"k":[393,281.195,0],"ix":2},"a":{"a":0,"k":[400,300,0],"ix":1},"s":{"a":0,"k":[94.543,94.543,100],"ix":6}},"ao":0,"shapes":[{"ty":"gr","it":[{"ind":0,"ty":"sh","ix":1,"ks":{"a":0,"k":{"i":[[-70.48,0],[0,-70.48],[70.48,0],[0,70.481]],"o":[[70.48,0],[0,70.481],[-70.48,0],[0,-70.48]],"v":[[0,-127.615],[127.615,0],[0,127.615],[-127.615,0]],"c":true},"ix":2},"nm":"Path 1","mn":"ADBE Vector Shape - Group","hd":false},{"ty":"tm","s":{"a":0,"k":0,"ix":1},"e":{"a":0,"k":100,"ix":2},"o":{"a":0,"k":0,"ix":3},"m":1,"ix":2,"nm":"Trim Paths 1","mn":"ADBE Vector Filter - Trim","hd":false},{"ty":"fl","c":{"a":0,"k":[1,0,0,1],"ix":4},"o":{"a":0,"k":100,"ix":5},"r":1,"nm":"Fill 1","mn":"ADBE Vector Graphic - Fill","hd":false},{"ty":"tr","p":{"a":0,"k":[409.815,319.73],"ix":2},"a":{"a":0,"k":[0,0],"ix":1},"s":{"a":0,"k":[100,100],"ix":3},"r":{"a":0,"k":0,"ix":6},"o":{"a":0,"k":100,"ix":7},"sk":{"a":0,"k":0,"ix":4},"sa":{"a":0,"k":0,"ix":5},"nm":"Transform"}],"nm":"Group 1","np":4,"cix":2,"ix":1,"mn":"ADBE Vector Group","hd":false}],"ip":0,"op":446,"st":-122,"bm":0},{"ddd":0,"ind":6,"ty":4,"nm":".chris-gannon-lottie","cl":"chris-gannon-lottie","tt":1,"sr":1,"ks":{"o":{"a":0,"k":100,"ix":11},"r":{"a":0,"k":0,"ix":10},"p":{"s":true,"x":{"a":0,"k":402.815,"ix":3},"y":{"a":1,"k":[{"i":{"x":[0],"y":[1]},"o":{"x":[0.167],"y":[0.167]},"n":["0_1_0p167_0p167"],"t":16,"s":[304.997],"e":[294.997]},{"i":{"x":[0.833],"y":[0.883]},"o":{"x":[0.73],"y":[0]},"n":["0p833_0p883_0p73_0"],"t":27,"s":[294.997],"e":[358.997]},{"i":{"x":[0.833],"y":[0.833]},"o":{"x":[0.16],"y":[0]},"n":["0p833_0p833_0p16_0"],"t":48,"s":[358.997],"e":[304.997]},{"i":{"x":[0.833],"y":[1]},"o":{"x":[0.167],"y":[0]},"n":["0p833_1_0p167_0"],"t":70,"s":[304.997],"e":[304.997]},{"i":{"x":[0.39],"y":[1]},"o":{"x":[0.59],"y":[0]},"n":["0p39_1_0p59_0"],"t":276,"s":[304.997],"e":[284.997]},{"i":{"x":[0.833],"y":[0.833]},"o":{"x":[0.59],"y":[0]},"n":["0p833_0p833_0p59_0"],"t":289.68,"s":[284.997],"e":[504.997]},{"t":314}],"ix":4,"x":"var $bm_rt;\nvar amp, freq, decay, n, t;\ntry {\n    amp = div(effect('Y Position - Overshoot')('ADBE Slider Control-0001'), 2.5), freq = div(effect('Y Position - Bounce')('ADBE Slider Control-0001'), 20), decay = div(effect('Y Position - Friction')('ADBE Slider Control-0001'), 20), n = 0, 0 < numKeys && (n = nearestKey(time).index, key(n).time > time && n--), t = 0 === n ? 0 : time - key(n).time, $bm_rt = 0 < n ? (v = velocityAtTime(sub(key(n).time, div(thisComp.frameDuration, 10))), sum(value, div(mul(mul(div(v, 100), amp), Math.sin(mul(mul(mul(freq, t), 2), Math.PI))), Math.exp(mul(decay, t))))) : value;\n} catch (e$$4) {\n    $bm_rt = value = value;\n}"}},"a":{"a":0,"k":[409.815,348.802,0],"ix":1},"s":{"a":0,"k":[100,100,100],"ix":6}},"ao":0,"ef":[{"ty":5,"nm":"Y Position - Overshoot","np":3,"mn":"ADBE Slider Control","ix":1,"en":1,"ef":[{"ty":0,"nm":"Slider","mn":"ADBE Slider Control-0001","ix":1,"v":{"a":0,"k":10,"ix":1,"x":"var $bm_rt;\n$bm_rt = clamp(value, 0, 100);"}}]},{"ty":5,"nm":"Y Position - Bounce","np":3,"mn":"ADBE Slider Control","ix":2,"en":1,"ef":[{"ty":0,"nm":"Slider","mn":"ADBE Slider Control-0001","ix":1,"v":{"a":0,"k":30,"ix":1,"x":"var $bm_rt;\n$bm_rt = clamp(value, 0, 100);"}}]},{"ty":5,"nm":"Y Position - Friction","np":3,"mn":"ADBE Slider Control","ix":3,"en":1,"ef":[{"ty":0,"nm":"Slider","mn":"ADBE Slider Control-0001","ix":1,"v":{"a":0,"k":100,"ix":1,"x":"var $bm_rt;\n$bm_rt = clamp(value, 0, 100);"}}]}],"shapes":[{"ty":"gr","it":[{"ind":0,"ty":"sh","ix":1,"ks":{"a":0,"k":{"i":[[0,0],[0,0],[0,0],[0,0],[0,0],[0,0],[0,0]],"o":[[0,0],[0,0],[0,0],[0,0],[0,0],[0,0],[0,0]],"v":[[27.185,-4.802],[62.712,-4.802],[0.036,58.802],[-62.712,-4.802],[-26.815,-4.802],[-26.815,-58.802],[27.185,-58.802]],"c":true},"ix":2},"nm":"Path 1","mn":"ADBE Vector Shape - Group","hd":false},{"ty":"fl","c":{"a":0,"k":[0.372549019608,0.490196078431,0.541176470588,1],"ix":4},"o":{"a":0,"k":100,"ix":5},"r":1,"nm":"Fill 1","mn":"ADBE Vector Graphic - Fill","hd":false},{"ty":"tr","p":{"a":0,"k":[409.815,348.802],"ix":2},"a":{"a":0,"k":[0,0],"ix":1},"s":{"a":0,"k":[100,100],"ix":3},"r":{"a":0,"k":0,"ix":6},"o":{"a":0,"k":100,"ix":7},"sk":{"a":0,"k":0,"ix":4},"sa":{"a":0,"k":0,"ix":5},"nm":"Transform"}],"nm":"Group 3","np":2,"cix":2,"ix":1,"mn":"ADBE Vector Group","hd":false}],"ip":0,"op":326,"st":0,"bm":0},{"ddd":0,"ind":7,"ty":4,"nm":"end outline","sr":1,"ks":{"o":{"a":0,"k":100,"ix":11},"r":{"a":0,"k":0,"ix":10},"p":{"a":0,"k":[393,280.195,0],"ix":2},"a":{"a":0,"k":[400,300,0],"ix":1},"s":{"a":0,"k":[100,100,100],"ix":6}},"ao":0,"shapes":[{"ty":"gr","it":[{"ind":0,"ty":"sh","ix":1,"ks":{"a":0,"k":{"i":[[-70.48,0],[0,-70.48],[70.48,0],[0,70.481]],"o":[[70.48,0],[0,70.481],[-70.48,0],[0,-70.48]],"v":[[0,-127.615],[127.615,0],[0,127.615],[-127.615,0]],"c":true},"ix":2},"nm":"Path 1","mn":"ADBE Vector Shape - Group","hd":false},{"ty":"tm","s":{"a":1,"k":[{"i":{"x":[0.06],"y":[1]},"o":{"x":[0.167],"y":[0.167]},"n":["0p06_1_0p167_0p167"],"t":122,"s":[0],"e":[20]},{"t":182,"s":[20],"h":1},{"t":216,"s":[0],"h":1},{"t":368,"s":[0],"h":1}],"ix":1},"e":{"a":1,"k":[{"t":182,"s":[20],"h":1},{"i":{"x":[0.833],"y":[0.833]},"o":{"x":[0.167],"y":[0.167]},"n":["0p833_0p833_0p167_0p167"],"t":216,"s":[0],"e":[16.667]},{"i":{"x":[0.833],"y":[0.833]},"o":{"x":[0.167],"y":[0.167]},"n":["0p833_0p833_0p167_0p167"],"t":226,"s":[16.667],"e":[46.667]},{"i":{"x":[0.833],"y":[0.833]},"o":{"x":[0.167],"y":[0.167]},"n":["0p833_0p833_0p167_0p167"],"t":232,"s":[46.667],"e":[56.667]},{"i":{"x":[0.833],"y":[0.833]},"o":{"x":[0.167],"y":[0.167]},"n":["0p833_0p833_0p167_0p167"],"t":244.316,"s":[56.667],"e":[56.667]},{"i":{"x":[0.833],"y":[0.833]},"o":{"x":[0.167],"y":[0.167]},"n":["0p833_0p833_0p167_0p167"],"t":248,"s":[56.667],"e":[80]},{"i":{"x":[0.833],"y":[0.833]},"o":{"x":[0.167],"y":[0.167]},"n":["0p833_0p833_0p167_0p167"],"t":270,"s":[80],"e":[100]},{"t":276,"s":[100],"h":1},{"i":{"x":[0.42],"y":[1]},"o":{"x":[0.45],"y":[0]},"n":["0p42_1_0p45_0"],"t":368,"s":[100],"e":[20]},{"t":396}],"ix":2},"o":{"a":1,"k":[{"i":{"x":[0.27],"y":[1]},"o":{"x":[0.167],"y":[0.167]},"n":["0p27_1_0p167_0p167"],"t":94,"s":[144],"e":[130]},{"i":{"x":[0.06],"y":[1]},"o":{"x":[0.167],"y":[0.167]},"n":["0p06_1_0p167_0p167"],"t":122,"s":[130],"e":[288]},{"t":182,"s":[288],"h":1},{"t":216,"s":[0],"h":1},{"i":{"x":[0.42],"y":[1]},"o":{"x":[0.45],"y":[0]},"n":["0p42_1_0p45_0"],"t":368,"s":[0],"e":[144]},{"t":396}],"ix":3},"m":1,"ix":2,"nm":"Trim Paths 1","mn":"ADBE Vector Filter - Trim","hd":false},{"ty":"st","c":{"a":0,"k":[0.372549019608,0.490196078431,0.541176470588,1],"ix":3},"o":{"a":0,"k":100,"ix":4},"w":{"a":0,"k":14.951,"ix":5},"lc":1,"lj":1,"ml":30,"nm":"Stroke 1","mn":"ADBE Vector Graphic - Stroke","hd":false},{"ty":"tr","p":{"a":0,"k":[409.815,319.73],"ix":2},"a":{"a":0,"k":[0,0],"ix":1},"s":{"a":0,"k":[100,100],"ix":3},"r":{"a":0,"k":0,"ix":6},"o":{"a":0,"k":100,"ix":7},"sk":{"a":0,"k":0,"ix":4},"sa":{"a":0,"k":0,"ix":5},"nm":"Transform"}],"nm":"Group 1","np":3,"cix":2,"ix":1,"mn":"ADBE Vector Group","hd":false}],"ip":182,"op":398,"st":60,"bm":0},{"ddd":0,"ind":8,"ty":4,"nm":"dark outline","sr":1,"ks":{"o":{"a":0,"k":100,"ix":11},"r":{"a":0,"k":0,"ix":10},"p":{"a":0,"k":[393,280.195,0],"ix":2},"a":{"a":0,"k":[400,300,0],"ix":1},"s":{"a":0,"k":[100,100,100],"ix":6}},"ao":0,"shapes":[{"ty":"gr","it":[{"ind":0,"ty":"sh","ix":1,"ks":{"a":0,"k":{"i":[[70.48,0],[0,-70.48],[-70.48,0],[0,70.481]],"o":[[-70.48,0],[0,70.481],[70.48,0],[0,-70.48]],"v":[[0,-127.615],[-127.615,0],[0,127.615],[127.615,0]],"c":true},"ix":2},"nm":"Path 1","mn":"ADBE Vector Shape - Group","hd":false},{"ty":"tm","s":{"a":1,"k":[{"i":{"x":[0.06],"y":[1]},"o":{"x":[0.306],"y":[0]},"n":["0p06_1_0p306_0"],"t":96,"s":[0],"e":[19]},{"t":154,"s":[19],"h":1}],"ix":1},"e":{"a":0,"k":19,"ix":2},"o":{"a":1,"k":[{"i":{"x":[0.833],"y":[0.833]},"o":{"x":[0.167],"y":[0.167]},"n":["0p833_0p833_0p167_0p167"],"t":60,"s":[144],"e":[144]},{"i":{"x":[0.833],"y":[0.833]},"o":{"x":[0.167],"y":[0.167]},"n":["0p833_0p833_0p167_0p167"],"t":68,"s":[144],"e":[130]},{"i":{"x":[0],"y":[1]},"o":{"x":[0.36],"y":[0]},"n":["0_1_0p36_0"],"t":96,"s":[130],"e":[292]},{"t":154}],"ix":3},"m":1,"ix":2,"nm":"Trim Paths 1","mn":"ADBE Vector Filter - Trim","hd":false},{"ty":"st","c":{"a":0,"k":[0.372549019608,0.490196078431,0.541176470588,1],"ix":3},"o":{"a":0,"k":100,"ix":4},"w":{"a":0,"k":14.951,"ix":5},"lc":1,"lj":1,"ml":10,"nm":"Stroke 1","mn":"ADBE Vector Graphic - Stroke","hd":false},{"ty":"tr","p":{"a":0,"k":[409.815,319.73],"ix":2},"a":{"a":0,"k":[0,0],"ix":1},"s":{"a":0,"k":[100,100],"ix":3},"r":{"a":0,"k":0,"ix":6},"o":{"a":0,"k":100,"ix":7},"sk":{"a":0,"k":0,"ix":4},"sa":{"a":0,"k":0,"ix":5},"nm":"Transform"}],"nm":"Group 1","np":3,"cix":2,"ix":1,"mn":"ADBE Vector Group","hd":false}],"ip":60,"op":182,"st":60,"bm":0},{"ddd":0,"ind":9,"ty":4,"nm":"start outline","sr":1,"ks":{"o":{"a":0,"k":31,"ix":11},"r":{"a":0,"k":0,"ix":10},"p":{"a":0,"k":[393,280.195,0],"ix":2},"a":{"a":0,"k":[400,300,0],"ix":1},"s":{"a":0,"k":[100,100,100],"ix":6}},"ao":0,"shapes":[{"ty":"gr","it":[{"ind":0,"ty":"sh","ix":1,"ks":{"a":0,"k":{"i":[[70.48,0],[0,-70.48],[-70.48,0],[0,70.481]],"o":[[-70.48,0],[0,70.481],[70.48,0],[0,-70.48]],"v":[[0,-127.615],[-127.615,0],[0,127.615],[127.615,0]],"c":true},"ix":2},"nm":"Path 1","mn":"ADBE Vector Shape - Group","hd":false},{"ty":"tm","s":{"a":1,"k":[{"i":{"x":[0],"y":[1]},"o":{"x":[0.48],"y":[0]},"n":["0_1_0p48_0"],"t":96,"s":[0],"e":[0]},{"t":154}],"ix":1},"e":{"a":1,"k":[{"i":{"x":[0],"y":[1]},"o":{"x":[0.48],"y":[0]},"n":["0_1_0p48_0"],"t":96,"s":[18],"e":[100]},{"t":154}],"ix":2},"o":{"a":1,"k":[{"i":{"x":[0],"y":[1]},"o":{"x":[0.48],"y":[0]},"n":["0_1_0p48_0"],"t":96,"s":[130],"e":[0]},{"t":154}],"ix":3},"m":1,"ix":2,"nm":"Trim Paths 1","mn":"ADBE Vector Filter - Trim","hd":false},{"ty":"st","c":{"a":0,"k":[0.372549019608,0.490196078431,0.541176470588,1],"ix":3},"o":{"a":0,"k":100,"ix":4},"w":{"a":0,"k":14.951,"ix":5},"lc":1,"lj":1,"ml":10,"nm":"Stroke 1","mn":"ADBE Vector Graphic - Stroke","hd":false},{"ty":"tr","p":{"a":0,"k":[409.815,319.73],"ix":2},"a":{"a":0,"k":[0,0],"ix":1},"s":{"a":0,"k":[100,100],"ix":3},"r":{"a":0,"k":0,"ix":6},"o":{"a":0,"k":100,"ix":7},"sk":{"a":0,"k":0,"ix":4},"sa":{"a":0,"k":0,"ix":5},"nm":"Transform"}],"nm":"Group 1","np":3,"cix":2,"ix":1,"mn":"ADBE Vector Group","hd":false}],"ip":96,"op":278,"st":34,"bm":0},{"ddd":0,"ind":10,"ty":4,"nm":"base 2","sr":1,"ks":{"o":{"a":0,"k":100,"ix":11},"r":{"a":0,"k":0,"ix":10},"p":{"a":0,"k":[402.815,411.805,0],"ix":2},"a":{"a":0,"k":[409.815,431.609,0],"ix":1},"s":{"a":0,"k":[100,100,100],"ix":6}},"ao":0,"shapes":[{"ty":"gr","it":[{"ind":0,"ty":"sh","ix":1,"ks":{"a":1,"k":[{"i":{"x":0.833,"y":0.833},"o":{"x":0.59,"y":0},"n":"0p833_0p833_0p59_0","t":396,"s":[{"i":[[-31.857,-23.203],[-28.052,0],[-20.746,14.588]],"o":[[21.063,15.341],[27.288,0],[32.837,-23.09]],"v":[[334.762,422.954],[409.815,447.345],[483.136,424.193]],"c":false}],"e":[{"i":[[-3.13,0.36],[-15.5,0],[-22.277,-2.609]],"o":[[16.147,-1.859],[15.5,0],[1.466,0.172]],"v":[[347.103,431.609],[411.133,427.602],[472.527,431.609]],"c":false}]},{"i":{"x":0.39,"y":1},"o":{"x":0.167,"y":0.167},"n":"0p39_1_0p167_0p167","t":412,"s":[{"i":[[-3.13,0.36],[-15.5,0],[-22.277,-2.609]],"o":[[16.147,-1.859],[15.5,0],[1.466,0.172]],"v":[[347.103,431.609],[411.133,427.602],[472.527,431.609]],"c":false}],"e":[{"i":[[-3.147,-0.141],[0,0],[-1.473,0.109]],"o":[[3.147,0.141],[0,0],[1.473,-0.109]],"v":[[347.103,431.609],[413,431.609],[472.527,431.609]],"c":false}]},{"t":418}],"ix":2},"nm":"Path 1","mn":"ADBE Vector Shape - Group","hd":false},{"ty":"st","c":{"a":0,"k":[0.372549019608,0.490196078431,0.541176470588,1],"ix":3},"o":{"a":0,"k":100,"ix":4},"w":{"a":0,"k":14.951,"ix":5},"lc":1,"lj":2,"nm":"Stroke 1","mn":"ADBE Vector Graphic - Stroke","hd":false},{"ty":"tr","p":{"a":0,"k":[0,0],"ix":2},"a":{"a":0,"k":[0,0],"ix":1},"s":{"a":0,"k":[100,100],"ix":3},"r":{"a":0,"k":0,"ix":6},"o":{"a":0,"k":100,"ix":7},"sk":{"a":0,"k":0,"ix":4},"sa":{"a":0,"k":0,"ix":5},"nm":"Transform"}],"nm":"Group 2","np":2,"cix":2,"ix":1,"mn":"ADBE Vector Group","hd":false}],"ip":396,"op":446,"st":346,"bm":0},{"ddd":0,"ind":11,"ty":4,"nm":"base","sr":1,"ks":{"o":{"a":0,"k":100,"ix":11},"r":{"a":0,"k":0,"ix":10},"p":{"a":0,"k":[402.815,411.805,0],"ix":2},"a":{"a":0,"k":[409.815,431.609,0],"ix":1},"s":{"a":0,"k":[100,100,100],"ix":6}},"ao":0,"shapes":[{"ty":"gr","it":[{"ind":0,"ty":"sh","ix":1,"ks":{"a":1,"k":[{"i":{"x":0,"y":1},"o":{"x":0.167,"y":0.167},"n":"0_1_0p167_0p167","t":44,"s":[{"i":[[0,0],[0,0],[0,0]],"o":[[0,0],[0,0],[0,0]],"v":[[347.103,431.609],[413,431.609],[472.527,431.609]],"c":false}],"e":[{"i":[[-31.857,-23.203],[-28.052,0],[-20.746,14.588]],"o":[[21.063,15.341],[27.288,0],[32.837,-23.09]],"v":[[334.762,422.954],[409.815,447.345],[483.136,424.193]],"c":false}]},{"t":60}],"ix":2},"nm":"Path 1","mn":"ADBE Vector Shape - Group","hd":false},{"ty":"st","c":{"a":0,"k":[0.372549019608,0.490196078431,0.541176470588,1],"ix":3},"o":{"a":0,"k":100,"ix":4},"w":{"a":0,"k":14.951,"ix":5},"lc":1,"lj":1,"ml":10,"nm":"Stroke 1","mn":"ADBE Vector Graphic - Stroke","hd":false},{"ty":"tr","p":{"a":0,"k":[0,0],"ix":2},"a":{"a":0,"k":[0,0],"ix":1},"s":{"a":0,"k":[100,100],"ix":3},"r":{"a":0,"k":0,"ix":6},"o":{"a":0,"k":100,"ix":7},"sk":{"a":0,"k":0,"ix":4},"sa":{"a":0,"k":0,"ix":5},"nm":"Transform"}],"nm":"Group 2","np":2,"cix":2,"ix":1,"mn":"ADBE Vector Group","hd":false}],"ip":0,"op":68,"st":0,"bm":0}]}],"layers":[{"ddd":0,"ind":1,"ty":0,"nm":"Download Icon","refId":"comp_0","sr":1,"ks":{"o":{"a":0,"k":100,"ix":11},"r":{"a":0,"k":0,"ix":10},"p":{"a":0,"k":[400,300,0],"ix":2},"a":{"a":0,"k":[400,300,0],"ix":1},"s":{"a":0,"k":[149,149,100],"ix":6}},"ao":0,"tm":{"a":1,"k":[{"i":{"x":[0.833],"y":[0.833]},"o":{"x":[0.167],"y":[0.167]},"n":["0p833_0p833_0p167_0p167"],"t":0,"s":[0],"e":[7.4]},{"i":{"x":[0.833],"y":[0.833]},"o":{"x":[0.167],"y":[0.167]},"n":["0p833_0p833_0p167_0p167"],"t":300,"s":[7.4],"e":[7.417]},{"t":445}],"ix":2},"w":800,"h":600,"ip":0,"op":470,"st":0,"bm":0}]}